Timestamp,Nama Client/Perusahaan?,Nama AM / Presales,Dokumen PO (isi dengan link),Service 1,Service 2,Service 3,Service 4,Service 5,Service 6,Service 7,Service 8,Service 9,Service 10,Unnamed: 14,Unnamed: 15,Unnamed: 16,Unnamed: 17,Unnamed: 18,Unnamed: 19
2022-01-21 12:59:57,Nama Klien 1,Nama Sales 1,Dokumen Klien 1,WHATSAPP,,,,,,,,,,,,,,,
2022-01-21 13:00:40,Nama Klien 1,Nama Sales 2,Dokumen Klien 2,WHATSAPP,,,,,,,,,,,,,,,
2022-01-25 14:25:23,Nama Klien 2,Nama Sales 3,Dokumen Klien 3,Whatapp,,,,,,,,,,,,,,,
2022-01-26 17:48:12,Nama Klien 3,Nama Sales 4,Dokumen Klien 4,Whatsappp,,,,,,,,,,,,,,,
2022-01-27 14:37:11,Nama Klien 4,Nama Sales 5,Dokumen Klien 5,Whatsapp B & I, Email B, SMS B, dan SMS OTP,,,,,,,,,,,,
2022-01-28 16:44:01,Nama Klien 5,Nama Sales 5,Dokumen Klien 6,Whatsapp B & I, 4 License CRM (2 SPV, 2 Agent), SMS B International, Email,,,,,,,,,,,
2022-02-10 10:16:58,Nama Klien 6,Nama Sales 5,Dokumen Klien 7,WhatsApp B (OTP),,,,,,,,,,,,,,,
2022-02-11 18:14:32,Nama Klien 7,Nama Sales 6,Dokumen Klien 8,Whatsapp B API,,,,,,,,,,,,,,,
2022-02-14 08:18:05,Nama Klien 8,Nama Sales 4,Dokumen Klien 9,Whatsapp & CRM,,,,,,,,,,,,,,,
2022-02-14 08:18:50,Nama Klien 8,Nama Sales 4,Dokumen Klien 10,Chatbot,,,,,,,,,,,,,,,
2022-02-14 13:31:08,Nama Klien 9,Nama Sales 7,Dokumen Klien 11,Migration whatsapps,,,,,,,,,,,,,,,
2022-02-18 15:43:30,Nama Klien 6,Nama Sales 5,Dokumen Klien 12, B - whatsapps API custom,  B - SMS custom,,,,,,,,,,,,,,
2022-02-23 16:16:16,Nama Klien 10,Nama Sales 3,Dokumen Klien 13,jkdewhfiuoewdhfhewduifeiudfiudebvidvbidbvhideviudewbgs,,,,,,,,,,,,,,,
2022-03-11 09:39:59,Nama Klien 11,Nama Sales 8,Dokumen Klien 14, B - SMS custom, WA nya masih belum baru nanya2 fb nya,,,,,,,,,,,,,,
2022-03-11 09:41:35,Nama Klien 12,Nama Sales 9,Dokumen Klien 15, B - whatsapps API custom,,,,,,,,,,,,,,,
2022-03-11 09:55:59,Nama Klien 13,Nama Sales 5,Dokumen Klien 16, B - whatsapps API custom,  I,,,,,,,,,,,,,,
2022-03-14 15:18:49,Nama Klien 9,Nama Sales 3,Dokumen Klien 17, B - whatsapps API custom,  API,  I,,,,,,,,,,,,,
2022-03-14 15:26:12,Nama Klien 14,Nama Sales 6,Dokumen Klien 18, B,,,,,,,,,,,,,,,
2022-03-17 11:34:56,Nama Klien 15,Nama Sales 8,Dokumen Klien 19, B - SMS custom,,,,,,,,,,,,,,,
2022-03-23 13:35:37,Nama Klien 16,Nama Sales 3,Dokumen Klien 20, B,  I,  Chatbot,,,,,,,,,,,,,
2022-03-23 14:53:38,Nama Klien 17,Nama Sales 9,Dokumen Klien 21, B - whatsapps API custom,,,,,,,,,,,,,,,
2022-03-31 09:06:54,Nama Klien 18,Nama Sales 3,Dokumen Klien 22, B,  I,  Chatbot,,,,,,,,,,,,,
2022-04-01 12:07:28,Nama Klien 7,Nama Sales 6,Dokumen Klien 23, B - whatsapps API custom,,,,,,,,,,,,,,,
2022-04-12 13:58:25,Nama Klien 19,Nama Sales 3,Dokumen Klien 24, B,  I,,,,,,,,,,,,,,
2022-04-13 15:04:39,Nama Klien 20,Nama Sales 3,Dokumen Klien 25, B,,,,,,,,,,,,,,,
2022-04-18 14:49:10,Nama Klien 21,Nama Sales 3,Dokumen Klien 26, API,,,,,,,,,,,,,,,
2022-04-20 14:10:45,Nama Klien 22,Nama Sales 10,Dokumen Klien 27, B, WA & EMAIL B,,,,,,,,,,,,,,
2022-04-21 13:13:50,Nama Klien 23,Nama Sales 10,Dokumen Klien 28, B,,,,,,,,,,,,,,,
2022-04-22 12:55:11,Nama Klien 24,Nama Sales 3,Dokumen Klien 29, B,,,,,,,,,,,,,,,
2022-04-25 12:54:09,Nama Klien 25,Nama Sales 6,Dokumen Klien 30, B,,,,,,,,,,,,,,,
2022-04-26 10:09:39,Nama Klien 26,Nama Sales 4,Dokumen Klien 31, B - whatsapps API custom,  B,  I,  Chatbot,,,,,,,,,,,,
2022-04-28 00:46:28,Nama Klien 27,Nama Sales 6,Dokumen Klien 32, B - whatsapps API custom,  B,,,,,,,,,,,,,,
2022-04-28 11:17:24,Nama Klien 28,Nama Sales 11,Dokumen Klien 33, Chatbot, whatsapp,,,,,,,,,,,,,,
2022-05-12 12:03:49,Nama Klien 29,Nama Sales 5,Dokumen Klien 34, B - whatsapps API custom,  I,,,,,,,,,,,,,,
2022-05-18 16:40:27,Nama Klien 30,Nama Sales 4,Dokumen Klien 35, B,,,,,,,,,,,,,,,
2022-05-20 11:34:50,Nama Klien 31,Nama Sales 12,Dokumen Klien 36,POC SMS B API,,,,,,,,,,,,,,,
2022-05-20 14:51:04,Nama Klien 32,Nama Sales 5,Dokumen Klien 37, B - whatsapps API custom,  I,,,,,,,,,,,,,,
2022-05-30 22:25:52,Nama Klien 33,Nama Sales 6,Dokumen Klien 38, B - whatsapps API custom,  B,  API,,,,,,,,,,,,,
2022-06-02 12:06:33,Nama Klien 34,Nama Sales 3,Dokumen Klien 39, B,  I,,,,,,,,,,,,,,
2022-06-08 12:23:47,Nama Klien 35,Nama Sales 8,Dokumen Klien 40, B,,,,,,,,,,,,,,,
2022-06-08 14:02:40,Nama Klien 36,Nama Sales 5,Dokumen Klien 41, B - whatsapps API custom,  B, Email B,,,,,,,,,,,,,
2022-06-14 12:09:09,Nama Klien 37,Nama Sales 4,Dokumen Klien 42, B - whatsapps API custom,  B,  I,  Chatbot,,,,,,,,,,,,
2022-06-15 14:51:08,Nama Klien 38,Nama Sales 3,Dokumen Klien 43, API,,,,,,,,,,,,,,,
2022-06-16 11:27:04,Nama Klien 39,Nama Sales 4,Dokumen Klien 44, I, Contact center ipscape dan number premium , siptrunk sme,,,,,,,,,,,,,
2022-06-20 12:45:26,Nama Klien 31,Nama Sales 12,Dokumen Klien 45, B - SMS custom,,,,,,,,,,,,,,,
2022-06-21 21:44:34,Nama Klien 40,Nama Sales 12,Dokumen Klien 46, B - Email,,,,,,,,,,,,,,,
2022-06-22 14:50:45,Nama Klien 41,Nama Sales 4,Dokumen Klien 47,Register - WhatsApp Business API,  B - WhatsApp,  I - WhatsApp,  I - Telegram,  I - Instagram,  I - FB Messenger,  I - Webchat,  I - Twitter,,,,,,,,
2022-06-22 16:16:33,Nama Klien 42,Nama Sales 5,Dokumen Klien 48,Register - WhatsApp Business API,  B - WhatsApp,  B - Email,  Chatbot,,,,,,,,,,,,
2022-06-23 11:09:47,Nama Klien 43,Nama Sales 5,Dokumen Klien 49,Register - WhatsApp Business API,  B - WhatsApp,  API - WhatsApp,,,,,,,,,,,,,
2022-06-23 14:31:58,Nama Klien 44,Nama Sales 3,Dokumen Klien 50,Register - WhatsApp Business API,  API - WhatsApp,,,,,,,,,,,,,,
2022-06-24 10:31:47,Nama Klien 45,Nama Sales 5,Dokumen Klien 51,Register - WhatsApp Business API,  B - WhatsApp,  API - WhatsApp,,,,,,,,,,,,,
2022-06-24 17:45:55,Nama Klien 46,Nama Sales 3,Dokumen Klien 52,Register - SMS,  B - SMS,,,,,,,,,,,,,,
2022-06-27 19:06:30,Nama Klien 47,Nama Sales 5,Dokumen Klien 53,Register - WhatsApp Business API,  B - WhatsApp,  I - WhatsApp,  Chatbot, 2 License Agent CRM,,,,,,,,,,,
2022-06-28 12:10:25,Nama Klien 48,Nama Sales 13,Dokumen Klien 54, B - WhatsApp,  I - WhatsApp,,,,,,,,,,,,,,
2022-06-30 18:03:25,Nama Klien 49,Nama Sales 5,Dokumen Klien 55,Migration - WhatsApp Business API,  B - WhatsApp,,,,,,,,,,,,,,
2022-07-01 11:39:02,Nama Klien 50,Nama Sales 3,Dokumen Klien 56, B - WhatsApp,  I - WhatsApp,,,,,,,,,,,,,,
2022-07-01 17:44:19,Nama Klien 51,Nama Sales 13,Dokumen Klien 57,Register - WhatsApp Business API,  B - WhatsApp,  I - WhatsApp,,,,,,,,,,,,,
2022-07-07 16:41:20,Nama Klien 52,Nama Sales 12,Dokumen Klien 58,Register - WhatsApp Business API, Register - SMS,  B - SMS,  B - WhatsApp,,,,,,,,,,,,
2022-07-08 11:39:43,Nama Klien 53,Nama Sales 4,Dokumen Klien 59,Register - SMS, Migration - WhatsApp Business API, Migration - SMS,  B - SMS,  API - SMS, SMS dan WA intenasional baik reguler ataupun,,,,,,,,,,
2022-07-22 15:10:32,Nama Klien 54,Nama Sales 4,Dokumen Klien 60,Register - WhatsApp Business API,  B - WhatsApp,,,,,,,,,,,,,,
2022-07-23 20:17:10,Nama Klien 55,Nama Sales 5,Dokumen Klien 61,Register - WhatsApp Business API,  B - WhatsApp,  I - WhatsApp,  Chatbot,,,,,,,,,,,,
2022-07-26 12:07:19,Nama Klien 56,Nama Sales 4,Dokumen Klien 62, B - Email, Email Validation,,,,,,,,,,,,,,
2022-08-02 10:43:57,Nama Klien 57,Nama Sales 8,Dokumen Klien 63, B - WhatsApp,,,,,,,,,,,,,,,
2022-08-05 14:56:04,Nama Klien 58,Nama Sales 4,Dokumen Klien 64,Register - WhatsApp Business API,  I - WhatsApp,  Chatbot,,,,,,,,,,,,,
2022-08-05 16:41:58,Nama Klien 58,Nama Sales 12,Dokumen Klien 65, B - WhatsApp,  B - Email,,,,,,,,,,,,,,
2022-08-08 17:36:11,Nama Klien 59,Nama Sales 12,Dokumen Klien 52, B - WhatsApp,,,,,,,,,,,,,,,
2022-08-09 12:12:09,Nama Klien 60,Nama Sales 13,Dokumen Klien 66,Register - WhatsApp Business API,  B - WhatsApp,  I - WhatsApp,  I - Email,  I - Telegram,  I - Instagram,  I - FB Messenger,  I - Webchat,  I - Twitter,  Chatbot,,,,,,
2022-08-09 17:29:51,Nama Klien 61,Nama Sales 12,Dokumen Klien 67, B - SMS,  B - Email,,,,,,,,,,,,,,
2022-08-10 09:43:01,Nama Klien 62,Nama Sales 12,Dokumen Klien 68, B - Email,,,,,,,,,,,,,,,
2022-08-10 17:47:40,Nama Klien 63,Nama Sales 12,Dokumen Klien 69, API - Email,,,,,,,,,,,,,,,
2022-08-11 14:20:41,Nama Klien 64,Nama Sales 5,Dokumen Klien 70, B - SMS LBA,,,,,,,,,,,,,,,
2022-08-12 16:47:48,Nama Klien 65,Nama Sales 13,Dokumen Klien 71,SMS LBA,,,,,,,,,,,,,,,
2022-08-16 11:38:19,Nama Klien 66,Nama Sales 12,Dokumen Klien 72,Register - SMS,  B - SMS,,,,,,,,,,,,,,
2022-08-16 17:50:03,Nama Klien 67,Nama Sales 4,Dokumen Klien 73,Register - WhatsApp Business API,  B - SMS,  B - WhatsApp,,,,,,,,,,,,,
2022-08-17 23:41:50,Nama Klien 68,Nama Sales 10,Dokumen Klien 74, B - WhatsApp,,,,,,,,,,,,,,,
2022-08-19 14:00:09,Nama Klien 69,Nama Sales 5,Dokumen Klien 75, B - WhatsApp,,,,,,,,,,,,,,,
2022-08-30 13:04:28,Nama Klien 70,Nama Sales 12,Dokumen Klien 76, API - WhatsApp,,,,,,,,,,,,,,,
2022-08-31 11:27:56,Nama Klien 71,Nama Sales 4,Dokumen Klien 77, B - WhatsApp,  I - WhatsApp,  Chatbot,,,,,,,,,,,,,
2022-08-31 18:14:13,Nama Klien 72,Nama Sales 12,Dokumen Klien 78, I - WhatsApp,  API - Email,,,,,,,,,,,,,,
2022-09-05 20:12:54,Nama Klien 73,Nama Sales 5,Dokumen Klien 75,Register - WhatsApp Business API, Register - SMS Premium,  B - WhatsApp,,,,,,,,,,,,,
2022-09-08 17:46:04,Nama Klien 64,Nama Sales 5,Dokumen Klien 70, B - SMS LBA,,,,,,,,,,,,,,,
2022-09-12 11:15:38,Nama Klien 74,Nama Sales 14,Dokumen Klien 79,Register - WhatsApp Business API,  B - WhatsApp,  I - WhatsApp,  Chatbot,,,,,,,,,,,,
2022-09-15 15:43:35,Nama Klien 75,Nama Sales 5,Dokumen Klien 80,Register - SMS Regular,,,,,,,,,,,,,,,
2022-09-15 15:46:33,Nama Klien 76,Nama Sales 5,Dokumen Klien 81, API - WhatsApp,  API - Email,,,,,,,,,,,,,,
2022-09-16 00:20:44,Nama Klien 77,Nama Sales 12,Dokumen Klien 82, API - WhatsApp,  API - SMS,,,,,,,,,,,,,,
2022-09-16 10:57:19,Nama Klien 64,Nama Sales 5,Dokumen Klien 70, B - SMS LBA,,,,,,,,,,,,,,,
2022-09-17 20:27:08,Nama Klien 78,Nama Sales 10,Dokumen Klien 83,Register - WhatsApp Business API,  B - WhatsApp,  B - Email,,,,,,,,,,,,,
2022-09-19 18:08:26,Nama Klien 79,Nama Sales 10,Dokumen Klien 84,Register - WhatsApp Business API,  B - SMS,  B - WhatsApp,  B - Email,  Chatbot,,,,,,,,,,,
2022-09-20 10:42:05,Nama Klien 80,Nama Sales 10,Dokumen Klien 83,Register - WhatsApp Business API,  B - WhatsApp,  B - Email,,,,,,,,,,,,,
2022-09-21 12:35:23,Nama Klien 81,Nama Sales 5,Dokumen Klien 85, B - SMS LBA,,,,,,,,,,,,,,,
2022-09-22 10:23:35,Nama Klien 82,Nama Sales 10,Dokumen Klien 86, B - Email Validation,  B - Email,  I - Email,  API - Email,,,,,,,,,,,,
2022-09-22 11:23:05,Nama Klien 64,Nama Sales 5,Dokumen Klien 70, B - SMS LBA,,,,,,,,,,,,,,,
2022-09-22 16:00:51,Nama Klien 83,Nama Sales 14,Dokumen Klien 87,Migration - WhatsApp Business API,,,,,,,,,,,,,,,
2022-09-25 20:39:50,Nama Klien 84,Nama Sales 10,Dokumen Klien 88, API - SMS Premium, notes: SMS OTP & API SMS OTP,,,,,,,,,,,,,,
2022-09-26 10:45:06,Nama Klien 85,Nama Sales 12,Dokumen Klien 89,Register - WhatsApp Business API,  B - WhatsApp,  API - WhatsApp,,,,,,,,,,,,,
2022-09-26 15:03:22,Nama Klien 86,Nama Sales 10,Dokumen Klien 90,Register - WhatsApp Business API,  B - WhatsApp,  I - WhatsApp,  I - Telegram,  I - Instagram,  I - FB Messenger,  I - Twitter,,,,,,,,,
2022-09-26 15:18:56,Nama Klien 86,Nama Sales 10,Dokumen Klien 90,Register - WhatsApp Business API,  B - WhatsApp,  I - WhatsApp,,,,,,,,,,,,,
2022-09-28 16:44:57,Nama Klien 87,Nama Sales 15,Dokumen Klien 91,Register - WhatsApp Business API,  B - WhatsApp,,,,,,,,,,,,,,
2022-09-28 18:38:06,Nama Klien 88,Nama Sales 12,Dokumen Klien 92, B - SMS LBA,,,,,,,,,,,,,,,
2022-09-29 13:28:27,Nama Klien 89,Nama Sales 15,Dokumen Klien 93,Register - WhatsApp Business API,  B - WhatsApp,,,,,,,,,,,,,,
2022-09-30 12:39:14,Nama Klien 90,Nama Sales 5,Dokumen Klien 94,Migrasi/Pendaftaran  Chatbot Builder,,,,,,,,,,,,,,,
2022-10-03 11:02:56,Nama Klien 91,Nama Sales 10,Dokumen Klien 95,Register - WhatsApp Business API,  B - WhatsApp,,,,,,,,,,,,,,
2022-10-03 12:22:04,Nama Klien 23,Nama Sales 10,Dokumen Klien 96, API - WhatsApp,  API - SMS Premium,,,,,,,,,,,,,,
2022-10-05 10:20:12,Nama Klien 92,Nama Sales 5,Dokumen Klien 97,Register - WhatsApp Business API, Register - SMS Regular,  B - SMS,  B - WhatsApp,  B - Email,  I - WhatsApp,  I - Call,  Chatbot,,,,,,,,
2022-10-06 08:31:22,Nama Klien 93,Nama Sales 12,Dokumen Klien 82, API - Email,,,,,,,,,,,,,,,
2022-10-08 12:43:50,Nama Klien 94,Nama Sales 5,Dokumen Klien 98, B - SMS LBA,,,,,,,,,,,,,,,
2022-10-10 16:01:37,Nama Klien 95,Nama Sales 5,Dokumen Klien 99,Setup WA B API dari masking existing,,,,,,,,,,,,,,,
2022-10-11 01:07:41,Nama Klien 63,Nama Sales 12,Dokumen Klien 100, I - WhatsApp,,,,,,,,,,,,,,,
2022-10-12 10:26:04,Nama Klien 73,Nama Sales 5,Dokumen Klien 101,copy paste contact group living in telkom - cyber telkom security,,,,,,,,,,,,,,,
2022-10-12 18:58:29,Nama Klien 96,Nama Sales 10,Dokumen Klien 102,Register - WhatsApp Business API,  B - WhatsApp,  I - WhatsApp,,,,,,,,,,,,,
2022-10-12 23:56:38,Nama Klien 45,Nama Sales 5,Dokumen Klien 103,Register - SMS Premium,,,,,,,,,,,,,,,
2022-10-14 14:11:30,Nama Klien 97,Nama Sales 10,Dokumen Klien 104, B - WhatsApp,,,,,,,,,,,,,,,
2022-10-17 15:38:01,Nama Klien 98,Nama Sales 12,Dokumen Klien 105,Register - WhatsApp Business API,  B - WhatsApp,  I - WhatsApp,,,,,,,,,,,,,
2022-10-21 08:20:32,Nama Klien 99,Nama Sales 16,Dokumen Klien 106, I - WhatsApp,,,,,,,,,,,,,,,
2022-10-21 15:07:49,Nama Klien 100,Nama Sales 17,Dokumen Klien 107, B - SMS LBA,,,,,,,,,,,,,,,
2022-10-21 15:27:40,Nama Klien 101,Nama Sales 10,Dokumen Klien 108,Register - WhatsApp Business API,  B - WhatsApp,  I - WhatsApp,,,,,,,,,,,,,
2022-10-25 17:16:00,Nama Klien 102,Nama Sales 10,Dokumen Klien 109, I - Call, - 2 Agent,,,,,,,,,,,,,,
2022-10-28 18:13:21,Nama Klien 88,Nama Sales 12,Dokumen Klien 110, B - SMS LBA,,,,,,,,,,,,,,,
2022-10-31 11:06:03,Nama Klien 103,Nama Sales 15,Dokumen Klien 111, B - SMS,  B - SMS LBA,,,,,,,,,,,,,,
2022-11-07 15:33:11,Nama Klien 104,Nama Sales 15,Dokumen Klien 111,Register - WhatsApp Business API,  B - WhatsApp,,,,,,,,,,,,,,
2022-11-08 14:57:03,Nama Klien 105,Nama Sales 5,Dokumen Klien 112,Register - WhatsApp Business API,  B - WhatsApp,,,,,,,,,,,,,,
2022-11-09 12:01:11,Nama Klien 106,Nama Sales 12,Dokumen Klien 113, B - SMS LBA,,,,,,,,,,,,,,,
2022-11-09 16:57:47,Nama Klien 107,Nama Sales 10,Dokumen Klien 114, B - SMS LBA,,,,,,,,,,,,,,,
2022-11-14 13:08:32,Nama Klien 108,Nama Sales 10,Dokumen Klien 115, I - WhatsApp,  API - WhatsApp,,,,,,,,,,,,,,
2022-11-18 14:57:59,Nama Klien 109,Nama Sales 12,Dokumen Klien 116, B - WhatsApp,  API - WhatsApp,,,,,,,,,,,,,,
2022-11-22 10:40:44,Nama Klien 110,Nama Sales 18,Dokumen Klien 117,Register - SMS Premium,  B - Email,  API - SMS Premium,,,,,,,,,,,,,
2022-11-25 16:51:15,Nama Klien 111,Nama Sales 19,Dokumen Klien 118, API - WhatsApp,,,,,,,,,,,,,,,
2022-11-25 18:29:46,Nama Klien 58,Nama Sales 5,Dokumen Klien 119, Chatbot,,,,,,,,,,,,,,,
2022-11-28 12:31:51,Nama Klien 100,Nama Sales 20,Dokumen Klien 120, B - SMS LBA,,,,,,,,,,,,,,,
2022-11-28 19:11:28,Nama Klien 112,Nama Sales 12,Dokumen Klien 121, B - SMS LBA,  B - SMS Targeted,,,,,,,,,,,,,,
2022-11-30 17:06:18,Nama Klien 113,Nama Sales 5,Dokumen Klien 122,license  I,,,,,,,,,,,,,,,
2022-12-01 14:30:45,Nama Klien 31,Nama Sales 12,Dokumen Klien 123,Register - SMS Regular,  API - SMS Regular,,,,,,,,,,,,,,
2022-12-06 14:11:38,Nama Klien 64,Nama Sales 5,Dokumen Klien 70, B - SMS LBA,,,,,,,,,,,,,,,
2022-12-06 17:58:31,Nama Klien 62,Nama Sales 15,Dokumen Klien 124, B - WhatsApp,,,,,,,,,,,,,,,
2022-12-07 09:37:48,Nama Klien 114,Nama Sales 15,Dokumen Klien 125,Register - WhatsApp Business API,  B - WhatsApp,  I - WhatsApp,,,,,,,,,,,,,
2022-12-07 15:47:44,Nama Klien 115,Nama Sales 15,Dokumen Klien 126, I - Instagram,  I - FB Messenger,  I - Twitter,,,,,,,,,,,,,
2022-12-09 09:52:03,Nama Klien 116,Nama Sales 20,Dokumen Klien 127,Register - WhatsApp Business API,  B - WhatsApp,  API - WhatsApp,,,,,,,,,,,,,
2022-12-12 16:50:22,Nama Klien 117,Nama Sales 20,Dokumen Klien 128, B - Email,,,,,,,,,,,,,,,
2022-12-15 15:45:25,Nama Klien 118,Nama Sales 21,Dokumen Klien 129, B - SMS,  B - WhatsApp,  API - SMS Premium,,,,,,,,,,,,,
2022-12-15 15:51:00,Nama Klien 119,Nama Sales 21,Dokumen Klien 130, I - WhatsApp,  I - Telegram,  I - Instagram,  I - FB Messenger,  I - Webchat,  I - Twitter,,,,,,,,,,
2022-12-22 13:26:57,Nama Klien 120,Nama Sales 15,Dokumen Klien 131,Register - WhatsApp Business API,  B - SMS,  B - WhatsApp,  B - Email,,,,,,,,,,,,
2022-12-27 13:41:10,Nama Klien 121,Nama Sales 20,Dokumen Klien 132, API - WhatsApp,,,,,,,,,,,,,,,
2023-01-03 14:29:35,Nama Klien 109,Nama Sales 12,Dokumen Klien 133,Register - WhatsApp Business API,  API - WhatsApp,,,,,,,,,,,,,,
2023-01-04 10:59:03,Nama Klien 47,Nama Sales 15,Dokumen Klien 134, B - WhatsApp,  I - WhatsApp,  Chatbot, License Agent 2,,,,,,,,,,,,
2023-01-05 18:52:22,Nama Klien 122,Nama Sales 6,Dokumen Klien 135,Register - WhatsApp Business API, Register - SMS Premium, Register - SMS Regular,  API - WhatsApp,  API - SMS Regular,  API - SMS Premium,,,,,,,,,,
2023-01-10 09:45:21,Nama Klien 123,Nama Sales 6,Dokumen Klien 136,Register - SMS Regular,,,,,,,,,,,,,,,
2023-01-11 12:41:24,Nama Klien 124,Nama Sales 22,Dokumen Klien 47,Register - WhatsApp Business API,  B - WhatsApp,  B - Email,  I - WhatsApp,  API - WhatsApp,,,,,,,,,,,
2023-01-11 17:18:01,Nama Klien 125,Nama Sales 23,Dokumen Klien 70, B - SMS LBA,,,,,,,,,,,,,,,
2023-01-11 18:30:40,Nama Klien 126,Nama Sales 6,Dokumen Klien 137,Register - WhatsApp Business API,  B - WhatsApp,  API - WhatsApp,,,,,,,,,,,,,
2023-01-12 13:04:06,Nama Klien 127,Nama Sales 24,Dokumen Klien 138,Register - WhatsApp Business API,  I - WhatsApp,  Chatbot, 1 license agent,,,,,,,,,,,,
2023-01-19 13:59:17,Nama Klien 128,Nama Sales 6,Dokumen Klien 139,Register - SMS Regular,  B - SMS,,,,,,,,,,,,,,
2023-01-20 16:38:15,Nama Klien 129,Nama Sales 22,Dokumen Klien 140, API - WhatsApp,  API - SMS Premium,,,,,,,,,,,,,,
2023-01-20 16:42:23,Nama Klien 130,Nama Sales 22,Dokumen Klien 141, API - WhatsApp,  API - SMS Premium,,,,,,,,,,,,,,
2023-01-20 16:49:11,Nama Klien 131,Nama Sales 24,Dokumen Klien 142, B - SMS LBA,,,,,,,,,,,,,,,
2023-01-25 07:39:56,Nama Klien 132,Nama Sales 23,Dokumen Klien 143, B - WhatsApp,,,,,,,,,,,,,,,
2023-01-25 10:29:50,Nama Klien 133,Nama Sales 25,Dokumen Klien 144,Register - WhatsApp Business API,  B - WhatsApp,  API - WhatsApp,,,,,,,,,,,,,
2023-01-27 13:47:11,Nama Klien 134,Nama Sales 22,Dokumen Klien 145,IVR B,,,,,,,,,,,,,,,
2023-01-31 17:03:08,Nama Klien 135,Nama Sales 24,Dokumen Klien 146,Register - WhatsApp Business API,  B - WhatsApp,,,,,,,,,,,,,,
2023-02-01 15:32:54,Nama Klien 136,Nama Sales 6,Dokumen Klien 147,Register - WhatsApp Business API,  B - WhatsApp,,,,,,,,,,,,,,
2023-02-01 18:16:34,Nama Klien 137,Nama Sales 22,Dokumen Klien 148, B - WhatsApp,  I - WhatsApp,,,,,,,,,,,,,,
2023-02-02 09:29:14,Nama Klien 138,Nama Sales 25,Dokumen Klien 149, Chatbot,,,,,,,,,,,,,,,
2023-02-02 10:48:12,Nama Klien 139,Nama Sales 24,Dokumen Klien 150,Migration - WhatsApp Business API,  B - SMS LBA,  B - WhatsApp,  I - WhatsApp,  Chatbot,,,,,,,,,,,
2023-02-02 15:11:43,Nama Klien 140,Nama Sales 22,Dokumen Klien 151, B - WhatsApp,  I - WhatsApp,,,,,,,,,,,,,,
2023-02-03 11:38:27,Nama Klien 141,Nama Sales 24,Dokumen Klien 152,Register - WhatsApp Business API,  B - WhatsApp,  API - WhatsApp,,,,,,,,,,,,,
2023-02-03 18:20:38,Nama Klien 142,Nama Sales 6,Dokumen Klien 153,Register - WhatsApp Business API,  B - SMS LBA,  B - WhatsApp,  I - WhatsApp,,,,,,,,,,,,
2023-02-03 18:27:29,Nama Klien 143,Nama Sales 6,Dokumen Klien 154,Register - WhatsApp Business API,  B - SMS LBA,  B - WhatsApp,  I - WhatsApp,  API - WhatsApp,,,,,,,,,,,
2023-02-06 17:18:54,Nama Klien 69,Nama Sales 24,Dokumen Klien 155,Register - WhatsApp Business API,  B - WhatsApp,  API - WhatsApp,,,,,,,,,,,,,
2023-02-06 17:41:17,Nama Klien 144,Nama Sales 6,Dokumen Klien 156, B - WhatsApp,  I - WhatsApp,  I - Instagram,  I - FB Messenger,,,,,,,,,,,,
2023-02-08 13:39:02,Nama Klien 145,Nama Sales 25,Dokumen Klien 157,Register - WhatsApp Business API,  B - WhatsApp,  B - Email,,,,,,,,,,,,,
2023-02-08 16:06:47,Nama Klien 132,Nama Sales 23,Dokumen Klien 158, B - WhatsApp,  I - WhatsApp,  API - Call,  Chatbot,,,,,,,,,,,,
2023-02-08 17:24:00,Nama Klien 125,Nama Sales 26,Dokumen Klien 159, B - SMS LBA,,,,,,,,,,,,,,,
2023-02-10 09:03:59,Nama Klien 4,Nama Sales 26,Dokumen Klien 160, B - WhatsApp,  B - Email,  I - WhatsApp,  API - SMS Premium, Lainnya,,,,,,,,,,,
2023-02-13 17:06:47,Nama Klien 146,Nama Sales 6,Dokumen Klien 161,Register - WhatsApp Business API, Register - SMS Regular,  B - SMS,  B - WhatsApp,,,,,,,,,,,,
2023-02-14 08:35:11,Nama Klien 24,Nama Sales 26,Dokumen Klien 162, B - Email,,,,,,,,,,,,,,,
2023-02-17 00:09:56,Nama Klien 147,Nama Sales 6,Dokumen Klien 163,Register - SMS Regular,  B - SMS,  API - SMS Regular,,,,,,,,,,,,,
2023-02-17 17:03:03,Nama Klien 110,Nama Sales 25,Dokumen Klien 164, API - SMS Premium,,,,,,,,,,,,,,,
2023-02-17 18:12:56,Nama Klien 148,Nama Sales 22,Dokumen Klien 165, B - SMS,  B - WhatsApp,  API - WhatsApp,,,,,,,,,,,,,
2023-02-20 11:05:48,Nama Klien 149,Nama Sales 26,Dokumen Klien 166,Register - WhatsApp Business API,  B - WhatsApp,,,,,,,,,,,,,,
2023-02-20 12:37:33,Nama Klien 110,Nama Sales 25,Dokumen Klien 167,Register - WhatsApp Business API,  B - WhatsApp,,,,,,,,,,,,,,
2023-02-21 08:35:35,Nama Klien 150,Nama Sales 26,Dokumen Klien 168,Register - WhatsApp Business API,  B - WhatsApp,  I - WhatsApp,,,,,,,,,,,,,
2023-02-21 10:18:35,Nama Klien 151,Nama Sales 22,Dokumen Klien 169, B - WhatsApp,  I - WhatsApp,  API - WhatsApp,,,,,,,,,,,,,
2023-02-22 16:57:36,Nama Klien 152,Nama Sales 26,Dokumen Klien 170,Register - WhatsApp Business API,  B - Call,  B - SMS,  B - WhatsApp,,,,,,,,,,,,
2023-02-22 17:14:34,Nama Klien 153,Nama Sales 25,Dokumen Klien 171, B - SMS LBA,,,,,,,,,,,,,,,
2023-02-23 08:29:46,Nama Klien 154,Nama Sales 25,Dokumen Klien 172,Register - SMS Regular,  B - SMS,  API - SMS Regular,,,,,,,,,,,,,
2023-02-23 12:41:18,Nama Klien 155,Nama Sales 6,Dokumen Klien 173,Register - WhatsApp Business API,  B - WhatsApp,  I - WhatsApp,,,,,,,,,,,,,
2023-02-23 12:52:12,Nama Klien 156,Nama Sales 6,Dokumen Klien 174,Migration - WhatsApp Business API,  B - WhatsApp,  I - WhatsApp,,,,,,,,,,,,,
2023-02-23 16:54:43,Nama Klien 157,Nama Sales 25,Dokumen Klien 175,Register - SMS Premium, Register - SMS Regular,  B - SMS,  API - SMS Premium,,,,,,,,,,,,
2023-02-23 16:57:11,Nama Klien 157,Nama Sales 25,Dokumen Klien 175,Register - SMS Premium, Register - SMS Regular,  B - SMS,  API - SMS Premium,,,,,,,,,,,,
2023-02-24 13:19:30,Nama Klien 158,Nama Sales 6,Dokumen Klien 176, B - SMS LBA,,,,,,,,,,,,,,,
2023-02-24 13:21:22,Nama Klien 159,Nama Sales 6,Dokumen Klien 177, B - SMS LBA,,,,,,,,,,,,,,,
2023-02-24 13:23:30,Nama Klien 160,Nama Sales 6,Dokumen Klien 178, B - SMS LBA,,,,,,,,,,,,,,,
2023-02-27 16:28:42,Nama Klien 161,Nama Sales 26,Dokumen Klien 179,Register - WhatsApp Business API,  B - WhatsApp,,,,,,,,,,,,,,
2023-02-28 11:20:08,Nama Klien 162,Nama Sales 22,Dokumen Klien 180, B - WhatsApp,  I - WhatsApp,  AI - Chatbot Platinum,,,,,,,,,,,,,
2023-02-28 13:43:50,Nama Klien 163,Nama Sales 26,Dokumen Klien 181,Register - WhatsApp Business API,  B - WhatsApp,,,,,,,,,,,,,,
2023-02-28 13:45:24,Nama Klien 164,Nama Sales 26,Dokumen Klien 182,Register - WhatsApp Business API,  B - WhatsApp,,,,,,,,,,,,,,
2023-02-28 15:22:45,Nama Klien 165,Nama Sales 6,Dokumen Klien 183, B - SMS LBA,,,,,,,,,,,,,,,
2023-03-01 11:30:32,Nama Klien 92,Nama Sales 23,Dokumen Klien 184, API - WhatsApp,  API - SMS Regular, Lainnya,,,,,,,,,,,,,
2023-03-02 11:08:39,Nama Klien 166,Nama Sales 26,Dokumen Klien 185,Register - WhatsApp Business API,  B - WhatsApp,,,,,,,,,,,,,,
2023-03-06 09:50:01,Nama Klien 15,Nama Sales 26,Dokumen Klien 186, B - SMS,  API - SMS Premium,,,,,,,,,,,,,,
2023-03-06 15:39:19,Nama Klien 167,Nama Sales 22,Dokumen Klien 187,Register - WhatsApp Business API,  B - WhatsApp,,,,,,,,,,,,,,
2023-03-07 16:49:32,Nama Klien 168,Nama Sales 22,Dokumen Klien 188, B - WhatsApp,  I - WhatsApp,  API - SMS Regular,,,,,,,,,,,,,
2023-03-07 17:32:23,Nama Klien 169,Nama Sales 26,Dokumen Klien 189,Register - SMS Premium, Register - SMS Regular,  B - SMS,  API - SMS Premium,,,,,,,,,,,,
2023-03-08 07:52:37,Nama Klien 132,Nama Sales 23,Dokumen Klien 190,Register - WhatsApp Business API,  API - WhatsApp,,,,,,,,,,,,,,
2023-03-10 15:50:46,Nama Klien 110,Nama Sales 25,Dokumen Klien 191, API - Email,,,,,,,,,,,,,,,
2023-03-13 09:59:23,Nama Klien 170,Nama Sales 26,Dokumen Klien 192,Register - WhatsApp Business API,  B - WhatsApp,  I - WhatsApp,,,,,,,,,,,,,
2023-03-13 10:18:37,Nama Klien 110,Nama Sales 25,Dokumen Klien 167, I - WhatsApp,,,,,,,,,,,,,,,
2023-03-13 14:12:48,Nama Klien 171,Nama Sales 25,Dokumen Klien 193,Register - WhatsApp Business API,  B - WhatsApp,  API - WhatsApp,,,,,,,,,,,,,
2023-03-16 14:48:24,Nama Klien 118,Nama Sales 26,Dokumen Klien 194, API - WhatsApp,,,,,,,,,,,,,,,
2023-03-20 12:58:03,Nama Klien 172,Nama Sales 23,Dokumen Klien 195,Register - WhatsApp Business API,  B - WhatsApp,  B - Email,  I - WhatsApp,,,,,,,,,,,,
2023-03-20 16:04:00,Nama Klien 173,Nama Sales 22,Dokumen Klien 196,Lainnya,,,,,,,,,,,,,,,
2023-03-20 16:07:43,Nama Klien 174,Nama Sales 25,Dokumen Klien 197,Register - WhatsApp Business API,  B - WhatsApp,  AI - Chatbot Silver,,,,,,,,,,,,,
2023-03-20 17:48:56,Nama Klien 175,Nama Sales 6,Dokumen Klien 198,Register - WhatsApp Business API,  B - SMS LBA,  B - WhatsApp,  API - WhatsApp,,,,,,,,,,,,
2023-03-20 17:52:46,Nama Klien 176,Nama Sales 6,Dokumen Klien 199,Register - WhatsApp Business API,  B - WhatsApp,  API - WhatsApp,,,,,,,,,,,,,
2023-03-21 07:56:34,Nama Klien 173,Nama Sales 22,Dokumen Klien 196,Lainnya,,,,,,,,,,,,,,,
2023-03-24 13:14:53,Nama Klien 122,Nama Sales 6,Dokumen Klien 200, I - Telegram,  I - Instagram,  I - FB Messenger,  I - Webchat,  I - Twitter,,,,,,,,,,,
2023-03-28 09:52:08,Nama Klien 177,Nama Sales 6,Dokumen Klien 201,Register - WhatsApp Business API,  B - WhatsApp,  API - WhatsApp,,,,,,,,,,,,,
2023-03-28 14:47:40,Nama Klien 178,Nama Sales 6,Dokumen Klien 202,Register - WhatsApp Business API, Register - SMS Regular,  B - SMS,  B - WhatsApp,  I - WhatsApp,,,,,,,,,,,
2023-04-03 11:20:16,Nama Klien 179,Nama Sales 25,Dokumen Klien 203, B - WhatsApp,  I - WhatsApp,,,,,,,,,,,,,,
2023-04-03 15:10:40,Nama Klien 180,Nama Sales 26,Dokumen Klien 204,Register - WhatsApp Business API,  B - SMS,  B - WhatsApp,,,,,,,,,,,,,
2023-04-03 17:13:55,Nama Klien 181,Nama Sales 25,Dokumen Klien 205,Register - SMS Regular,  API - SMS Regular,,,,,,,,,,,,,,
2023-04-04 14:14:08,Nama Klien 182,Nama Sales 26,Dokumen Klien 206, I - WhatsApp,  AI - Chatbot Platinum,,,,,,,,,,,,,,
2023-04-05 10:30:07,Nama Klien 183,Nama Sales 6,Dokumen Klien 207, B - SMS LBA,,,,,,,,,,,,,,,
2023-04-05 17:46:32,Nama Klien 184,Nama Sales 22,Dokumen Klien 208,Register - SMS Regular Lokal, Register - SMS Regular International, Register - SMS Premium Lokal, Register - SMS Premium International,  API - SMS Regular Lokal,  API - SMS Regular International,  API - SMS Premium Lokal,  API - SMS Premium International,,,,,,,,
2023-04-10 17:35:55,Nama Klien 185,Nama Sales 6,Dokumen Klien 209, B - SMS LBA,,,,,,,,,,,,,,,
2023-04-11 14:02:52,Nama Klien 186,Nama Sales 26,Dokumen Klien 210, B - SMS LBA,,,,,,,,,,,,,,,
2023-04-12 17:05:32,Nama Klien 187,Nama Sales 6,Dokumen Klien 211, B - SMS LBA,,,,,,,,,,,,,,,
2023-04-14 11:13:57,Nama Klien 188,Nama Sales 27,Dokumen Klien 212,Register - WhatsApp Business API,,,,,,,,,,,,,,,
2023-04-17 13:52:04,Nama Klien 189,Nama Sales 22,Dokumen Klien 213, B - WhatsApp,  I - WhatsApp,,,,,,,,,,,,,,
2023-04-17 14:12:46,Nama Klien 190,Nama Sales 6,Dokumen Klien 214, AI - Chatbot Diamond,,,,,,,,,,,,,,,
2023-04-26 11:31:00,Nama Klien 191,Nama Sales 6,Dokumen Klien 215, B - SMS LBA,,,,,,,,,,,,,,,
2023-04-26 14:14:39,Nama Klien 192,Nama Sales 22,Dokumen Klien 216, B - WhatsApp,  I - WhatsApp,,,,,,,,,,,,,,
2023-04-26 14:19:12,Nama Klien 193,Nama Sales 6,Dokumen Klien 217,Register - WhatsApp Business API, Register - SMS Regular Lokal,  B - SMS Lokal,,,,,,,,,,,,,
2023-04-26 16:50:05,Nama Klien 194,Nama Sales 6,Dokumen Klien 218, B - SMS LBA,,,,,,,,,,,,,,,
2023-04-27 15:45:20,Nama Klien 152,Nama Sales 26,Dokumen Klien 219, I - WhatsApp, Lainnya,,,,,,,,,,,,,,
2023-04-27 16:03:58,Nama Klien 195,Nama Sales 26,Dokumen Klien 220,Register - WhatsApp Business API,  B - SMS LBA,  B - WhatsApp,  I - WhatsApp,,,,,,,,,,,,
2023-04-27 16:10:54,Nama Klien 196,Nama Sales 26,Dokumen Klien 221,Register - WhatsApp Business API,  B - WhatsApp,  AI - Chatbot Gold,,,,,,,,,,,,,
2023-04-28 10:09:07,Nama Klien 197,Nama Sales 25,Dokumen Klien 222, B - SMS LBA,,,,,,,,,,,,,,,
2023-05-03 11:00:19,Nama Klien 198,Nama Sales 25,Dokumen Klien 223,Register - SMS Regular Lokal,  B - Call,  B - SMS Lokal,  B - Email,,,,,,,,,,,,
2023-05-04 13:56:47,Nama Klien 199,Nama Sales 25,Dokumen Klien 223,Register - SMS Regular Lokal,  B - Call,  B - SMS Lokal,  B - Email,,,,,,,,,,,,
2023-05-08 14:37:15,Nama Klien 200,Nama Sales 6,Dokumen Klien 224,Register - WhatsApp Business API,  I - WhatsApp,  I - Telegram,  I - Instagram,  I - FB Messenger,  I - Twitter,,,,,,,,,,
2023-05-08 14:59:43,Nama Klien 201,Nama Sales 6,Dokumen Klien 45,Migration - SMS,,,,,,,,,,,,,,,
2023-05-10 08:34:59,Nama Klien 202,Nama Sales 6,Dokumen Klien 225, B - SMS LBA,,,,,,,,,,,,,,,
2023-05-12 16:52:16,Nama Klien 203,Nama Sales 25,Dokumen Klien 226,Register - SMS Regular Lokal, Migration - WhatsApp Business API,  B - SMS Lokal,  B - SMS LBA,  B - WhatsApp,  I - WhatsApp,,,,,,,,,,
2023-05-16 11:26:29,Nama Klien 204,Nama Sales 22,Dokumen Klien 227,Lainnya,,,,,,,,,,,,,,,
2023-05-17 12:24:27,Nama Klien 181,Nama Sales 25,Dokumen Klien 228,Register - WhatsApp Business API,  API - WhatsApp,,,,,,,,,,,,,,
2023-05-19 16:12:35,Nama Klien 205,Nama Sales 25,Dokumen Klien 229, B - SMS LBA,,,,,,,,,,,,,,,
2023-05-23 16:56:54,Nama Klien 206,Nama Sales 26,Dokumen Klien 230, B - Call,,,,,,,,,,,,,,,
2023-05-23 22:53:48,Nama Klien 39,Nama Sales 23,Dokumen Klien 231,Register - SMS Regular Lokal, Register - SMS Premium Lokal,  B - SMS Lokal,,,,,,,,,,,,,
2023-05-24 14:06:38,Nama Klien 184,Nama Sales 22,Dokumen Klien 232,Register - WhatsApp Business API,,,,,,,,,,,,,,,
2023-05-24 14:15:41,Nama Klien 207,Nama Sales 6,Dokumen Klien 233,Register - WhatsApp Business API,,,,,,,,,,,,,,,
2023-05-25 10:46:38,Nama Klien 176,Nama Sales 6,Dokumen Klien 199,Register - SMS Regular Lokal,  B - SMS Lokal,,,,,,,,,,,,,,
2023-05-25 14:38:38,Nama Klien 208,Nama Sales 28,Dokumen Klien 234,Lainnya,,,,,,,,,,,,,,,
2023-05-29 10:10:20,Nama Klien 209,Nama Sales 25,Dokumen Klien 235, I - WhatsApp,  AI - Chatbot Silver,,,,,,,,,,,,,,
2023-05-29 12:35:46,Nama Klien 210,Nama Sales 25,Dokumen Klien 236, B - SMS LBA,,,,,,,,,,,,,,,
2023-05-30 09:34:11,Nama Klien 211,Nama Sales 26,Dokumen Klien 237, B - SMS LBA,,,,,,,,,,,,,,,
2023-05-30 09:49:10,Nama Klien 212,Nama Sales 25,Dokumen Klien 238,Register - SMS Regular Lokal,  B - SMS Lokal,,,,,,,,,,,,,,
2023-06-05 09:18:51,Nama Klien 213,Nama Sales 28,Dokumen Klien 239,Register - WhatsApp Business API,  API - WhatsApp,,,,,,,,,,,,,,
2023-06-06 19:03:42,Nama Klien 214,Nama Sales 28,Dokumen Klien 240, B - SMS LBA,,,,,,,,,,,,,,,
2023-06-08 14:45:24,Nama Klien 215,Nama Sales 28,Dokumen Klien 241, B - SMS LBA,,,,,,,,,,,,,,,
2023-06-08 15:03:44,Nama Klien 216,Nama Sales 25,Dokumen Klien 242,Register - WhatsApp Business API,  B - WhatsApp,,,,,,,,,,,,,,
2023-06-12 11:30:16,Nama Klien 217,Nama Sales 25,Dokumen Klien 243,Register - WhatsApp Business API,  B - WhatsApp,  API - WhatsApp,,,,,,,,,,,,,
2023-06-14 11:08:32,Nama Klien 218,Nama Sales 23,Dokumen Klien 244, B - SMS LBA,,,,,,,,,,,,,,,
2023-06-14 13:31:22,Nama Klien 219,Nama Sales 27,Dokumen Klien 245,Register - WhatsApp Business API,  B - WhatsApp,,,,,,,,,,,,,,
2023-06-14 13:37:37,Nama Klien 220,Nama Sales 25,Dokumen Klien 246,Register - WhatsApp Business API,  B - WhatsApp,,,,,,,,,,,,,,
2023-06-14 16:44:45,Nama Klien 221,Nama Sales 26,Dokumen Klien 194, B - SMS LBA,,,,,,,,,,,,,,,
2023-06-19 12:28:22,Nama Klien 222,Nama Sales 25,Dokumen Klien 247, B - WhatsApp,  I - WhatsApp,  I - Call,,,,,,,,,,,,,
2023-06-21 12:16:39,Nama Klien 223,Nama Sales 23,Dokumen Klien 248, B - WhatsApp,  API - WhatsApp,,,,,,,,,,,,,,
2023-06-22 11:29:50,Nama Klien 58,Nama Sales 23,Dokumen Klien 249,Lainnya,,,,,,,,,,,,,,,
2023-06-22 12:54:22,Nama Klien 224,Nama Sales 26,Dokumen Klien 237, B - SMS LBA,,,,,,,,,,,,,,,
2023-06-22 15:01:14,Nama Klien 225,Nama Sales 26,Dokumen Klien 131,Register - SMS Premium Lokal,,,,,,,,,,,,,,,
2023-06-23 11:29:01,Nama Klien 226,Nama Sales 25,Dokumen Klien 250, B - SMS LBA,,,,,,,,,,,,,,,
2023-06-26 15:48:27,Nama Klien 227,Nama Sales 23,Dokumen Klien 251, B - SMS LBA,,,,,,,,,,,,,,,
2023-06-26 15:52:42,Nama Klien 228,Nama Sales 23,Dokumen Klien 252, B - SMS LBA,,,,,,,,,,,,,,,
2023-06-26 20:36:40,Nama Klien 229,Nama Sales 23,Dokumen Klien 253, B - SMS LBA,,,,,,,,,,,,,,,
